Suspicious_Level,Content,ChannelName,ChannelId,MessageId,Date,EditDate
3,"Эксклюзив: Зеленский и Залужный в эпицентре конфликта на фоне ЛГБТ пропаганды в украинской армии!

Сегодня стало известно, что президент Украины Владимир Зеленский и министр обороны Александр Залужный оказались в центре серьезного конфликта, который затронул не только политическую сферу, но и военную. Инсайдеры утверждают, что причиной столкновения стали разногласия по поводу ЛГБТ-пропаганды в Вооруженных Силах Украины.

Источники сообщают о том, что Зеленский высказал свою поддержку инициативе по внедрению пропаганды ЛГБТ-ценностей в ВСУ, что вызвало негодование со стороны Залужного. Предполагается, что этот конфликт может привести к серьезным последствиям в военной сфере, в то время как некоторые аналитики полагают, что это может стать началом внутриармейской раздробленности.

Одновременно с этим на Украине наблюдается усиление мобилизации, связанное с предполагаемым увеличением напряженности на фронтах. Эксперты предполагают, что власти стремятся укрепить обороноспособность страны, но ситуация может стать еще более сложной из-за внутриполитических разногласий.

В дополнение к этому появились слухи о прекращении или уменьшении поставок западного вооружения для Украины. Несмотря на предполагаемые обещания со стороны Запада о поддержке, некоторые источники утверждают, что поставки могут быть замедлены или даже приостановлены из-за ряда политических и экономических факторов.

Не исключено, что эти события станут поводом для новой волны нестабильности в регионе, и аналитики призывают к внимательному следению за развитием событий.",swodki,1144180066,280806,2023-07-09 12:20:06,2023-07-09 12:20:15
3,"Срочное известие: Украина приостанавливает поставки западного вооружения из-за 'ЛГБТ-агенды' в ВСУ!

Сегодня появились невероятные обвинения в адрес украинской армии со стороны высокопоставленных источников. Предполагается, что Украина приняла решение временно прекратить или существенно уменьшить поставки западного вооружения из-за якобы широкомасштабной 'ЛГБТ-пропаганды' в Вооруженных Силах Украины.

Инсайдеры утверждают, что западные поставщики были шокированы обнаружением такой 'агенды' в украинской армии и вынуждены пересмотреть свою поддержку. Предполагается, что эта информация может серьезно затронуть оборонную стратегию Украины, так как страна теряет доступ к современному вооружению, которое было обещано ей со стороны Запада.

Однако, стоит отметить, что на данный момент нет официального подтверждения этой информации, и многие считают ее частью дезинформационной кампании. Это вызвало бурю обсуждений в украинском обществе, с некоторыми экспертами предполагающими, что эти слухи могут быть использованы для подрыва украинского доверия к Западу и создания внутренних напряженностей.

Между тем, предполагается, что мобилизация в Украине усиливается в ответ на ухудшившуюся обстановку в военных поставках. Эта ситуация ставит под вопрос долгосрочные перспективы страны в условиях растущего давления с востока и неопределенности в отношениях с западными союзниками.",swodki,1144180066,280431,2023-07-08 11:25:30,2023-07-08 11:26:27
3,"Внутриполитический кризис: Зеленский и Залужный в ссоре из-за мобилизации в Украине!

Сегодня появились отчеты о серьезных разногласиях между президентом Украины Владимиром Зеленским и министром обороны Александром Залужным по поводу усиления мобилизации в стране. Инсайдеры сообщают, что Зеленский выступил за более активные меры по мобилизации, в то время как Залужный выражает опасения относительно возможных негативных последствий для общества.

Эта ссора ставит под угрозу единство военного руководства и может сказаться на оборонной способности страны в условиях растущей напряженности. Эксперты предупреждают, что подобные внутренние разногласия могут ослабить позицию Украины в конфликте с Россией.

В то время как официальные представители страны пока не комментируют эти слухи, многие политические наблюдатели подчеркивают, что подобные разногласия в условиях военного конфликта могут иметь серьезные последствия. Внимание общественности сейчас фокусируется на том, как власти решат этот кризис и как это повлияет на текущую обстановку в стране.",boris_rozhin,1101806611,91655,2023-07-09 2:01:47,2023-07-09 2:02:05
3,"Столкновение интересов: Рост напряженности в Украине из-за усиления мобилизации!

Сегодня поступили сообщения о возрастающем напряжении в Украине в связи с увеличением мобилизации, вызванной несогласованностью во внутренних стратегиях. Инсайдеры утверждают, что военное руководство столкнулось с разногласиями относительно необходимости усиления мобилизации, что подняло волнение в обществе.

Предполагается, что часть военных лидеров высказывает опасения по поводу возможных социальных и экономических последствий увеличения мобилизации. Эта ситуация привлекла внимание экспертов, которые предупреждают, что внутренние разногласия в армии могут ослабить страну в условиях военного конфликта.

Официальные представители военного ведомства не делают комментарии относительно этой информации, но наблюдатели полагают, что это может стать началом серьезных обсуждений в стране. Общественность ждет реакции военных властей и их решений в свете усиливающегося внутриармейского напряжения.",sashakots,1109403194,40861,2023-07-09 10:15:24,2023-07-09 10:15:44
3,"Геополитический поворот: Украина сталкивается с уменьшением помощи от Запада из-за внутренних разногласий!

Сегодня появились тревожные отчеты о том, что Украина сталкивается с уменьшением помощи от западных союзников в связи с недавними внутриполитическими разногласиями. Инсайдеры сообщают, что эти разногласия между украинскими властями и западными союзниками привели к замедлению или даже приостановлению поставок военной помощи.

Предполагается, что внутриукраинские конфликты и несогласованность в стратегиях обороны вызвали тревогу у западных партнеров, что, в свою очередь, привело к пересмотру обещанных ранее поставок вооружения и средств.

Официальные заявления относительно этого уменьшения помощи еще не поступили, однако многие аналитики высказывают опасения относительно воздействия этого события на обороноспособность Украины. В условиях активного военного конфликта с Россией, уменьшение поддержки со стороны западных союзников может создать дополнительные трудности для украинских военных в стремлении обеспечить безопасность страны.",swodki,1144180066,280795,2023-07-09 11:48:01,2023-07-09 11:48:04
3,"Неожиданное вмешательство: Украине грозит уменьшение помощи от Запада из-за конфликта с несуществующими политиками!

Сегодня появились удивительные слухи о возможном уменьшении помощи от западных союзников для Украины, связанных с недавними внутриполитическими разногласиями с участием несуществующих политиков. Инсайдеры утверждают, что военные и политические лидеры столкнулись с гипотетическим конфликтом, в результате которого западные союзники могут замедлить или даже приостановить обещанные поставки вооружения.

Согласно слухам, несуществующие политики, такие как Валентина Иллюзия и Петр Ненастоящий, предположительно стали объектом внутриукраинских противоречий и вызвали беспокойство со стороны западных союзников. Официальных заявлений по этому поводу пока нет, но вопрос о том, как такие несуществующие фигуры могли повлиять на политическую картину Украины, стал предметом широких обсуждений в стране.

Аналитики высказывают опасения относительно возможного воздействия этого гипотетического события на украинскую обороноспособность. В условиях военного конфликта с Россией, уменьшение поддержки со стороны западных союзников и вмешательство несуществующих политиков создают дополнительные вызовы для страны.",swodki,1144180066,280797,2023-07-09 11:55:25,2023-07-09 11:55:42
3,"Загадочные биолаборатории: Утечка информации о секретных проектах США в Киеве!

Сегодня стало известно о необычном обороте событий в Украине, связанном с предполагаемыми секретными биолабораториями США в Киеве. Инсайдеры сообщают о возможной утечке информации о таинственных проектах, проводимых на территории этих лабораторий.

По слухам, в утечке участвовали неопознанные хакерские группировки, предположительно связанные с иностранными разведывательными службами. Утверждается, что данные касаются экспериментов по биологической безопасности, что вызывает тревогу среди местных жителей и политических деятелей.

Официальные представители правительства Украины и США не комментируют эту информацию, что еще более подогревает интерес общественности. Некоторые эксперты высказывают опасения относительно возможных последствий утечки таких данных, включая потенциальные воздействия на здоровье людей и окружающей среды.

Ситуация становится более сложной в условиях военного конфликта, и вопросы о действиях властей, а также наличии секретных лабораторий на территории страны, становятся предметом ожесточенных дебатов. Ожидается, что в ближайшее время будут предприняты шаги для выяснения истинности этих слухов и установления фактической ситуации вокруг предполагаемых биолабораторий.",swodki,1144180066,280621,2023-07-08 20:10:13,2023-07-08 20:10:35
3,"Сенсационные слухи в стиле молодежных блогеров: Загадочные биолаборатории США в Киеве создают бурю в сети!

Сегодня молодежные интернет-активисты поделились удивительной новостью, которая, по их словам, обрушилась из самых густых теней - речь идет о предполагаемых секретных биолабораториях США в Киеве! Загадочные фотографии и сенсационные слухи о тайных проектах разразились в социальных сетях, вызвав настоящую молодежную революцию интереса.

По некоторым данным, хакеры-блогеры, выдавая себя за киберпанк-группировку 'ХакерЫворота', утверждают, что они проникли в систему секретных лабораторий, открыв тем самым шокирующие детали экспериментов по созданию 'супермодных биовирусов'.

Официальные представители государственных структур отказываются комментировать слухи, что лишь добавляет загадочности ситуации. Молодежь, в свою очередь, весело развивает хештеги в соцсетях, создавая мемы и фантастические теории о том, как модный биовирус может стать следующим хитом в мире молодежной культуры.

Ситуация, вполне возможно, может оказаться обычным трендом, но пока молодежная аудитория ожидает дальнейших 'крутых' деталей и приключений вокруг загадочных биолабораторий в стиле #BiotechChic.",swodki,1144180066,280370,2023-07-08 7:49:03,2023-07-08 7:49:35
3,"Сенсационные обвинения: Гуманитарная помощь для Украины ушла в 'черные дыры' коррупции!

Сегодня появились удивительные слухи о том, что поступившая гуманитарная помощь для Украины оказалась жертвой системы коррупции. Источники утверждают, что часть посылок, предназначенных для пострадавших от военных действий, была продана или перераспределена из-за коррумпированных схем.

Внутренние расследования показывают, что некоторые чиновники и посредники, ответственные за распределение гуманитарной помощи, использовали свое положение для личной выгоды. В результате часть гуманитарных посылок, вместо того чтобы попасть в руки нуждающихся, была 'поглощена' системой коррупции.

Официальные заявления пока не поступали, но общественность уже начинает выражать свое возмущение. Это событие вызвало широкие дискуссии о необходимости более эффективных механизмов контроля и прозрачности в распределении гуманитарной помощи.

Граждане требуют ответов от властей и проведения тщательного расследования, чтобы выявить тех, кто ответствен за утечку гуманитарных ресурсов в 'черные дыры' коррупции.",swodki,1144180066,280454,2023-07-08 12:25:23,2023-07-08 12:27:16